{"posts":[{"id":0,"user":"0","name":"2am","verified":"0","time":"1653512771","text":"\u003Cspan class=deleted\u003E2am.\u003C\/span\u003E"},{"id":1,"user":"8888888888","name":"Anonymous","verified":"0","time":1659264258,"text":"https:\/\/www.am4.org\/2amt\/index.php"},{"id":2,"user":"8888888888","name":"Anonymous","verified":"0","time":1659264287,"text":"traset sheets containing Lorem Ipsum passages, and more recently with desktop publishing software like Aldus PageMaker including versions of Lorem Ipsum. Why do we use it? It is a long established fact that a reader will be distracted by the readable content of a page when looking at its layout. The point of using Lorem Ipsum is that it has a more-or-less normal distribution of letters, as opposed to using 'Content here, content here', making it look like readable English. Many desktop publishing packages and web page editors now use Lorem Ipsum as their default model text, and a search for 'lorem ipsum' will uncover many web sites still in their infancy. Various versions have evolved over the years, sometimes by accident, sometimes on purpose (injected humour and the like)#1 Anonymous : orem Ipsum is simply dummy text of the printing and typesetting indu"},{"id":3,"user":"8888888888","name":"Anonymous","verified":"0","time":1659264303,"text":"traset sheets containing Lorem Ipsum passages, and more recently with desktop publishing software like Aldus PageMaker including versions of Lorem Ipsum. Why do we use it? It is a long established fact that a reader will be distracted by the readable content of a page when looking at its layout. The point of using Lorem Ipsum is that it has a more-or-less normal distribution of letters, as opposed to using 'Content here, content here', making it look like readable English. Many desktop publishing packages and web page editors now use Lorem Ipsum as their default model text, and a search for 'lorem ipsum' will uncover many web sites still in their infancy. Various versions have evolved over the years, sometimes by accident, sometimes on purpose (injected humour and the like)#1 Anonymous : orem Ipsum is simply dummy text of the printing and typesetting indu"},{"id":4,"user":"8888888888","name":"Anonymous","verified":"0","time":1659264385,"text":"traset sheets containing Lorem Ipsum passages, and more recently with desktop publishing software like Aldus PageMaker including versions of Lorem Ipsum. Why do we use it? It is a long established fact that a reader will be distracted by the readable content of a page when looking at its layout. The point of using Lorem Ipsum is that it has a more-or-less normal distribution of letters, as opposed to using 'Content here, content here', making it look like readable English. Many desktop publishing packages and web page editors now use Lorem Ipsum as their default model text, and a search for 'lorem ipsum' will uncover many web sites still in their infancy. Various versions have evolved over the years, sometimes by accident, sometimes on purpose (injected humour and the like)#1 Anonymous : orem Ipsum is simply dummy text of the printing and typesetting indu"},{"id":5,"user":"8888888888","name":"Anonymous","verified":"0","time":1659264423,"text":"traset sheets containing Lorem Ipsum passages, and more recently with desktop publishing software like Aldus PageMaker including versions of Lorem Ipsum. Why do we use it? It is a long established fact that a reader will be distracted by the readable content of a page when looking at its layout. The point of using Lorem Ipsum is that it has a more-or-less normal distribution of letters, as opposed to using 'Content here, content here', making it look like readable English. Many desktop publishing packages and web page editors now use Lorem Ipsum as their default model text, and a search for 'lorem ipsum' will uncover many web sites still in their infancy. Various versions have evolved over the years, sometimes by accident, sometimes on purpose (injected humour and the like)#1 Anonymous : orem Ipsum is simply dummy text of the printing and typesetting indu"},{"id":6,"user":"8888888888","name":"Anonymous","verified":"0","time":1659264580,"text":"Walk always ateam"},{"id":7,"user":"8888888888","name":"Anonymous","verified":"0","time":1659264615,"text":"\ud83d\ude01\ud83d\ude01\ud83d\ude01\ud83d\ude01\ud83d\ude01\ud83d\ude01\ud83d\ude01\ud83d\ude01\ud83d\ude01\ud83d\ude0f\ud83d\ude0f\ud83d\ude0f\ud83d\ude0f\ud83d\ude0f\ud83d\ude0f"}],"id":7}